City_ID,City,Lat,Lng,Max Temp,Humidity,Cloudiness,Wind Speed,Country,Date
0,edinburgh of the seven seas,-37.0676,-12.3116,13.39,91,100,2.41,SH,1693148362
1,saipan,15.1355,145.701,27.39,89,75,4.12,MP,1693148362
2,bandarbeyla,9.4942,50.8122,25.7,80,75,14.19,SO,1693148362
3,adamstown,-25.066,-130.1015,19.71,66,67,4.15,PN,1693148226
4,port-aux-francais,-49.35,70.2167,6.56,96,100,19.11,TF,1693148362
5,muroto-misakicho,33.2833,134.15,26.74,80,42,0.79,JP,1693148362
6,port augusta,-32.5,137.7667,9.97,88,62,3.22,AU,1693148362
7,grytviken,-54.2811,-36.5092,-2.12,89,100,6.52,GS,1693148363
8,waitangi,-43.9535,-176.5597,6.01,65,100,6.69,NZ,1693148363
9,papatowai,-46.5619,169.4708,1.97,85,69,4.04,NZ,1693148363
10,blackmans bay,-43.0167,147.3167,4.74,92,0,1.64,AU,1693148363
11,ribeira grande,38.5167,-28.7,24.32,78,40,11.32,PT,1693148363
12,togur,58.3631,82.8265,13.47,89,67,2.6,RU,1693148363
13,maisi,43.0395,41.2621,23.61,68,0,1.04,GE,1693148364
14,longyearbyen,78.2186,15.6401,7.91,93,75,4.63,SJ,1693148242
15,oakdale,44.963,-92.9649,18.73,82,100,0.89,US,1693148364
16,kodiak,57.79,-152.4072,11.93,98,100,4.45,US,1693148364
17,ashtabula,41.7001,-80.7665,21.7,77,43,4.72,US,1693148364
18,hawaiian paradise park,19.5933,-154.9731,22.24,96,60,0.67,US,1693148364
19,thompson,55.7435,-97.8558,16.09,82,75,6.17,CA,1693148365
20,albany,42.6001,-73.9662,21.0,79,64,0.45,US,1693148365
21,xining,36.6167,101.7667,11.64,81,74,1.36,CN,1693147886
22,bethel,41.3712,-73.414,26.2,74,0,0.89,US,1693148365
23,college,64.8569,-147.8028,15.5,80,100,0.45,US,1693148365
24,ilulissat,69.2167,-51.1,5.88,67,61,4.46,GL,1693148365
25,puerto natales,-51.7236,-72.4875,3.3,97,96,2.6,CL,1693148366
26,wailua homesteads,22.0669,-159.378,22.64,85,29,3.64,US,1693148366
27,kuusamo,65.9667,29.1833,19.02,45,20,2.57,FI,1693148366
28,weno,7.4515,151.8468,27.99,75,78,3.39,FM,1693148366
29,ushuaia,-54.8,-68.3,4.81,65,0,2.06,AR,1693148366
30,tacna,-18.0056,-70.2483,15.5,82,100,1.54,PE,1693148366
31,bredasdorp,-34.5322,20.0403,14.02,65,0,4.89,ZA,1693148367
32,lesnikovo,55.2822,65.3175,13.45,56,81,1.86,RU,1693148367
33,nyurba,63.2842,118.3319,14.93,68,15,1.61,RU,1693148367
34,kimbe,-5.5502,150.1429,25.17,85,93,3.68,PG,1693148367
35,cannonvale,-20.2833,148.7,20.66,78,0,5.98,AU,1693148367
36,tromso,69.6496,18.957,18.54,87,20,8.23,NO,1693148367
37,uturoa,-16.7333,-151.4333,25.66,70,43,5.93,PF,1693148368
38,torquay,50.4638,-3.5143,18.17,72,100,6.23,GB,1693148081
39,hamilton,39.1834,-84.5333,21.79,81,100,2.24,US,1693148368
40,la passe,45.5549,-0.8967,24.13,54,13,8.39,FR,1693148368
41,akureyri,65.6835,-18.0878,14.96,51,20,7.2,IS,1693148369
42,whitehorse,60.7161,-135.0538,13.43,74,20,5.66,CA,1693148369
43,afaahiti,-17.75,-149.2833,23.93,69,45,7.53,PF,1693148369
44,mahina,-17.5065,-149.489,24.87,65,20,5.14,PF,1693148369
45,urangan,-25.3,152.9,18.75,75,0,4.11,AU,1693148370
46,bandar lampung,-5.4254,105.258,23.12,86,46,2.26,ID,1693147950
47,sitka,57.0531,-135.33,14.69,96,26,1.57,US,1693148370
48,dahanu,19.9667,72.7333,26.71,84,17,3.81,IN,1693148370
49,bilibino,68.0546,166.4372,7.67,93,100,0.25,RU,1693148370
50,coquimbo,-29.9533,-71.3436,20.85,28,0,2.06,CL,1693148370
51,shima,24.4478,117.8111,29.01,90,99,0.24,CN,1693148371
52,dunedin,-45.8742,170.5036,4.89,71,85,2.68,NZ,1693148182
53,port elizabeth,-33.918,25.5701,18.16,59,0,2.57,ZA,1693148371
54,kone,-21.0595,164.8658,16.34,80,81,2.01,NC,1693148371
55,rovinj,45.08,13.64,30.9,61,41,6.54,HR,1693148301
56,portland,45.5234,-122.6762,18.78,86,0,2.24,US,1693148371
57,west island,-12.1568,96.8225,24.99,83,75,6.69,CC,1693148372
58,quellon,-43.1167,-73.6167,9.14,81,100,8.23,CL,1693148372
59,burang,30.25,81.1667,9.44,66,77,3.06,CN,1693148372
60,talnakh,69.4865,88.3972,12.34,68,99,2.48,RU,1693148372
61,yellowknife,62.456,-114.3525,13.01,94,100,6.17,CA,1693148372
62,makokou,0.5738,12.8642,27.37,73,74,1.28,GA,1693148373
63,hobyo,5.3505,48.5268,26.24,77,2,11.99,SO,1693148373
64,stanley,54.868,-1.6985,16.55,95,75,1.54,GB,1693148373
65,pirallahi,40.4723,50.333,27.08,65,10,6.67,AZ,1693148373
66,georgetown,5.4112,100.3354,28.97,79,20,0.51,MY,1693148143
67,punta arenas,-53.15,-70.9167,4.0,95,100,2.84,CL,1693148373
68,touros,-5.1989,-35.4608,29.74,62,2,5.42,BR,1693148374
69,iqaluit,63.7506,-68.5145,4.85,65,40,5.66,CA,1693148374
70,invercargill,-46.4,168.35,1.12,94,41,1.79,NZ,1693148374
71,chibougamau,49.9168,-74.3659,14.79,51,0,3.09,CA,1693148374
72,nagato,34.3833,131.2,25.7,87,21,1.91,JP,1693148140
73,syanno,54.8106,29.7069,25.13,66,76,2.56,BY,1693148374
74,olonkinbyen,70.9221,-8.7187,6.76,93,99,7.39,SJ,1693148375
75,warrnambool,-38.3833,142.4833,10.74,81,100,1.68,AU,1693148375
76,brisas de zicatela,15.8369,-97.0419,28.78,71,100,0.71,MX,1693148375
77,quang ngai,15.1167,108.8,27.17,82,47,1.53,VN,1693148221
78,jiangyou,31.7667,104.7167,23.68,74,100,0.5,CN,1693148375
79,nemuro,43.3236,145.575,19.16,100,100,3.46,JP,1693148325
80,shatsk,54.0258,41.7119,18.81,59,100,3.74,RU,1693148376
81,badger,64.8,-147.5333,15.45,89,100,1.38,US,1693148376
82,phulbani,20.4667,84.2333,24.33,84,22,1.91,IN,1693148376
83,sinabang,2.4803,96.3801,26.91,76,96,1.27,ID,1693148376
84,kharakvasla,18.4333,73.7667,21.76,92,39,2.39,IN,1693148376
85,aasiaat,68.7098,-52.8699,3.75,81,98,4.36,GL,1693148376
86,dali,25.7,100.1833,17.77,94,100,1.53,CN,1693148119
87,kokopo,-4.352,152.2633,25.2,85,100,6.9,PG,1693148377
88,ust-nera,64.5667,143.2,11.11,85,100,0.96,RU,1693148377
89,mazamari,-11.3258,-74.5308,27.67,67,85,0.29,PE,1693148377
90,san patricio,28.017,-97.5169,30.51,61,0,2.36,US,1693148377
91,hede,33.7681,120.2517,24.05,98,100,5.14,CN,1693148378
92,turkmenbasy,40.0222,52.9552,27.43,34,0,8.23,TM,1693148378
93,santa cruz,-17.8,-63.1667,23.03,28,75,6.69,BO,1693148378
94,cockburn town,21.4612,-71.1419,28.91,73,13,5.75,TC,1693148378
95,fort st. john,56.2499,-120.8529,13.94,77,0,2.06,CA,1693148378
96,gadzhiyevo,69.2551,33.3362,10.17,80,100,4.13,RU,1693148378
97,constantia,44.1833,28.65,29.38,57,0,3.78,RO,1693148184
98,enshi,30.3,109.4833,20.46,98,100,1.03,CN,1693148379
99,kailua-kona,19.6406,-155.9956,23.06,88,65,0.61,US,1693148379
100,mata-utu,-13.2816,-176.1745,26.77,80,98,11.3,WF,1693148379
101,remire-montjoly,4.9167,-52.2667,32.02,66,40,3.6,GF,1693148379
102,anadyr,64.75,177.4833,5.0,86,0,3.58,RU,1693148379
103,margaret river,-33.95,115.0667,15.28,85,21,5.91,AU,1693148260
104,bei'an,24.5399,109.533,25.51,95,100,1.56,CN,1693148380
105,port alfred,-33.5906,26.891,17.32,70,46,1.79,ZA,1693148380
106,buala,-8.145,159.5921,25.35,84,80,2.79,SB,1693148380
107,new norfolk,-42.7826,147.0587,5.4,97,3,0.96,AU,1693148380
108,okhotsk,59.3833,143.3,14.42,69,12,2.07,RU,1693148092
109,st. john's,47.5649,-52.7093,20.93,77,75,4.63,CA,1693148305
110,saudarkrokur,65.7461,-19.6394,14.96,56,12,2.76,IS,1693148381
111,tripoli,32.8752,13.1875,33.6,42,0,6.21,LY,1693148381
112,springhill,33.006,-93.4668,31.13,63,80,2.36,US,1693148381
113,inirida,3.8653,-67.9239,33.84,51,0,0.65,CO,1693148381
114,tolanaro,-25.0319,46.9987,24.04,78,20,5.66,MG,1693148381
115,jeju city,33.5097,126.5219,27.96,83,75,4.63,KR,1693147610
116,keetmanshoop,-26.5833,18.1333,23.51,11,0,5.14,NA,1693148381
117,timmins,48.4669,-81.3331,13.9,67,20,1.03,CA,1693148382
118,dudinka,69.4058,86.1778,12.57,71,100,2.92,RU,1693148382
119,nar'yan-mar,67.6713,53.087,7.43,89,100,4.52,RU,1693148382
120,behshahr,36.6923,53.5526,28.97,54,5,2.92,IR,1693148382
121,luau,-10.7073,22.2247,36.42,8,16,3.88,AO,1693148382
122,cassia,-20.5831,-46.9219,28.03,44,45,0.59,BR,1693148382
123,balkanabat,39.5108,54.3671,28.23,24,0,3.79,TM,1693148383
124,noumea,-22.2763,166.4572,16.99,75,100,4.64,NC,1693148383
125,jamestown,42.097,-79.2353,20.01,76,100,3.6,US,1693148383
126,quelimane,-17.8786,36.8883,26.97,74,40,5.81,MZ,1693148383
127,las tablas,7.7667,-80.2833,32.87,99,80,0.5,PA,1693148383
128,melito di porto salvo,37.9222,15.7714,34.19,79,0,4.63,IT,1693148383
129,eureka,40.8021,-124.1637,15.37,94,0,1.18,US,1693148117
130,dolbeau-mistassini,48.8763,-72.212,16.26,56,0,2.28,CA,1693148384
131,khorixas,-20.3667,14.9667,33.86,7,1,6.5,NA,1693148384
132,brookings,44.3114,-96.7984,18.58,88,7,1.34,US,1693148384
133,bengkulu,-3.8004,102.2655,24.72,88,28,5.41,ID,1693148384
134,zalesovo,53.9939,84.7431,17.63,78,98,1.97,RU,1693148384
135,ambato boeny,-16.4667,46.7167,29.29,28,2,0.42,MG,1693148384
136,mejit,10.2753,170.8646,27.67,80,96,6.99,MH,1693148384
137,luanda,-8.8368,13.2343,24.0,73,20,5.66,AO,1693148385
138,kiunga,-6.1219,141.2906,22.02,97,99,1.89,PG,1693148385
139,vernon,50.2581,-119.2691,19.05,67,0,2.06,CA,1693148385
140,colonia,50.9333,6.95,22.76,53,20,6.69,DE,1693148385
141,chinde,26.8418,88.0763,18.89,93,100,1.09,NP,1693148385
142,gokwe,-18.2048,28.9349,23.06,38,7,7.23,ZW,1693148275
143,isafjordur,66.0755,-23.124,15.02,51,20,5.14,IS,1693148386
144,apolinario saravia,-24.4328,-63.9954,19.14,29,9,2.44,AR,1693148386
145,zaki biam,7.5167,9.6167,23.06,92,100,1.18,NG,1693148386
146,mildura,-34.2,142.15,10.6,83,89,3.8,AU,1693148108
147,qamdo,31.1667,97.2333,4.44,91,100,1.76,CN,1693148386
148,lata,40.1629,-8.3327,22.26,35,53,6.87,PT,1693148386
149,aruppukkottai,9.5167,78.1,31.24,53,100,4.76,IN,1693148387
150,colesberg,-30.72,25.0972,17.56,15,0,4.93,ZA,1693148387
151,port mathurin,-19.6833,63.4167,22.63,76,0,11.38,MU,1693148387
152,howard springs,-12.497,131.047,23.79,81,45,2.11,AU,1693148387
153,san matias,-16.3667,-58.4,32.41,23,3,2.16,BO,1693148387
154,ferny grove,-27.4034,152.9331,16.82,89,20,3.09,AU,1693148387
155,aquiraz,-3.9014,-38.3911,30.05,55,5,5.26,BR,1693148387
156,qaqortoq,60.7167,-46.0333,7.37,71,7,2.05,GL,1693148388
157,al wajh,26.2455,36.4525,33.97,52,0,9.26,SA,1693148388
158,olinda,-8.0089,-34.8553,29.85,62,40,3.6,BR,1693148388
159,taksimo,56.3444,114.8794,14.39,78,61,1.44,RU,1693148388
160,atafu village,-8.5421,-172.5159,27.88,77,66,5.4,TK,1693148388
161,iskateley,67.6803,53.1512,7.34,89,100,4.48,RU,1693148388
162,san rafael,-34.6177,-68.3301,12.74,45,2,4.45,AR,1693148389
163,puerto madryn,-42.7692,-65.0385,14.14,32,16,11.59,AR,1693148389
164,port lincoln,-34.7333,135.8667,12.06,74,95,3.81,AU,1693148389
165,olyokminsk,60.3736,120.4264,14.88,69,0,1.03,RU,1693148389
166,antsiranana,-12.2787,49.2917,26.42,57,20,8.23,MG,1693148389
167,kapa'a,22.0752,-159.319,23.39,83,34,4.24,US,1693148389
168,richards bay,-28.783,32.0377,18.45,68,13,5.24,ZA,1693148389
169,raton,36.9034,-104.4391,18.87,70,16,1.04,US,1693148390
170,alvaraes,-3.2208,-64.8042,30.93,32,30,1.65,BR,1693148390
171,andovoranto,-18.95,49.1,21.77,82,2,2.0,MG,1693148390
172,dongola,19.1667,30.4833,42.42,10,100,3.28,SD,1693148390
173,nuuk,64.1835,-51.7216,6.6,81,100,12.52,GL,1693148390
174,toliara,-23.35,43.6667,22.25,79,3,10.44,MG,1693148390
175,katabu,-4.9333,122.5167,23.17,80,4,2.25,ID,1693148391
176,cill airne,52.05,-9.5167,17.03,94,75,3.6,IE,1693148391
177,ain defla,36.2641,1.9679,27.49,29,98,9.7,DZ,1693148391
178,magadan,59.5667,150.8,8.63,86,20,0.63,RU,1693148391
179,tiksi,71.6872,128.8694,10.52,96,56,1.46,RU,1693148112
180,barreirinha,-2.7933,-57.07,37.42,31,0,1.84,BR,1693148392
181,adrar,20.5022,-10.0711,42.01,9,5,3.38,MR,1693148392
182,mgandu,-5.95,34.1333,27.72,22,0,4.77,TZ,1693148392
183,boves,44.332,7.5514,20.66,88,100,1.43,IT,1693148393
184,kavalerovo,44.2661,135.0572,16.65,96,100,1.57,RU,1693148393
185,sarnia,42.9787,-82.4041,20.07,68,0,4.12,CA,1693148393
186,sligo,54.2697,-8.4694,16.45,67,100,9.26,IE,1693148393
187,vadso,70.0744,29.7487,14.09,67,20,3.09,NO,1693148393
188,roccella ionica,38.322,16.4009,31.26,52,0,4.68,IT,1693148393
189,codrington,-38.2667,141.9667,11.36,85,100,1.92,AU,1693148394
190,la manga del mar menor,37.6413,-0.7165,33.0,23,20,10.29,ES,1693148394
191,puerto ayora,-0.7393,-90.3518,26.98,90,74,2.68,EC,1693148394
192,glace bay,46.1969,-59.957,20.05,97,100,7.2,CA,1693148178
193,wajir,1.7471,40.0573,34.98,29,20,5.14,KE,1693148394
194,naze,28.3667,129.4833,26.51,82,23,5.75,JP,1693148395
195,rabo de peixe,37.8,-25.5833,24.73,65,20,7.2,PT,1693148395
196,brandon,27.9378,-82.2859,32.36,74,0,3.6,US,1693148395
197,tirur,10.9,75.9167,26.55,87,100,2.45,IN,1693148395
198,shilin,24.8188,103.3324,17.72,93,100,1.72,CN,1693148395
199,bikenibeu village,1.3673,173.1241,27.98,89,75,3.6,KI,1693148396
200,zhanaozen,43.3,52.8,23.33,27,30,5.1,KZ,1693148396
201,bodaybo,57.8506,114.1933,16.1,77,47,0.65,RU,1693148396
202,udachny,66.4167,112.4,19.14,48,40,2.67,RU,1693148396
203,saint-francois,46.4154,3.9054,20.93,52,0,6.69,FR,1693148396
204,harstad,68.799,16.5293,20.13,70,90,3.58,NO,1693148396
205,mayqayyng,51.4625,75.7986,18.29,69,98,2.22,KZ,1693148396
206,rovaniemi,66.5,25.7167,19.67,45,0,1.54,FI,1693148397
207,miracema do tocantins,-9.5618,-48.3967,35.45,35,52,2.25,BR,1693148397
208,bubaque,11.2833,-15.8333,27.61,79,100,5.73,GW,1693148397
209,lebu,-37.6167,-73.65,11.97,57,27,3.2,CL,1693148397
210,hermanus,-34.4187,19.2345,17.67,66,0,5.64,ZA,1693148398
211,aral,40.5156,81.2636,29.97,15,100,2.1,CN,1693148398
212,egilsstadir,65.2653,-14.3948,12.95,76,75,4.63,IS,1693148398
213,lompoc,34.6391,-120.4579,14.08,72,1,2.88,US,1693148398
214,island harbour,50.724,-1.2758,21.21,64,100,2.24,GB,1693148398
215,conception bay south,47.4999,-52.9981,20.8,75,96,4.81,CA,1693148399
216,yeraliyev,43.2,51.65,23.6,46,4,5.49,KZ,1693148399
217,uyovu,-3.2833,31.5258,33.04,16,25,4.03,TZ,1693148399
218,amvrosiyivka,47.7935,38.4777,29.03,32,50,5.36,UA,1693148399
219,dunn,44.95,-91.8835,18.76,83,0,1.89,US,1693148399
220,challapata,-18.9,-66.7667,10.47,18,8,2.65,BO,1693148399
221,kalmunai,7.4167,81.8167,29.35,68,84,6.77,LK,1693148400
222,asau,46.4333,26.4,33.51,26,6,3.86,RO,1693148400
223,downpatrick,54.3263,-5.7035,16.15,89,100,3.08,GB,1693148402
224,kazanskoye,55.6448,69.235,15.27,47,99,2.86,RU,1693148404
225,kidal,18.4411,1.4078,38.57,26,29,5.6,ML,1693148404
226,funafuti,-8.5243,179.1942,28.2,77,93,5.02,TV,1693148405
227,reggane,26.7158,0.1714,43.84,13,18,2.35,DZ,1693148406
228,fisterra,42.9049,-9.2629,22.64,74,78,8.22,ES,1693148406
229,keflavik,64.0049,-22.5624,13.24,76,75,6.69,IS,1693148407
230,susuman,62.7833,148.1667,8.4,74,98,1.67,RU,1693148408
231,qingyuan,23.7,113.0333,29.99,90,100,1.36,CN,1693148408
232,muynoq,43.7683,59.0214,21.2,28,61,5.21,UZ,1693148409
233,jinchang,38.4953,102.1739,20.57,36,0,6.15,CN,1693148409
234,geraldton,-28.7667,114.6,12.23,94,75,3.6,AU,1693148201
235,hithadhoo,-0.6,73.0833,28.36,73,97,2.15,MV,1693148410
236,kota kinabalu,5.9749,116.0724,26.99,83,20,2.68,MY,1693148172
237,caleta de carquin,-11.0925,-77.6267,20.98,72,30,3.16,PE,1693148411
238,budleigh salterton,50.6298,-3.3218,18.57,76,75,6.17,GB,1693148411
239,callao,-12.0667,-77.15,22.62,77,30,3.58,PE,1693148412
240,myeik,12.4333,98.6,26.3,87,100,1.99,MM,1693148412
241,road town,18.4167,-64.6167,29.18,75,98,5.57,VG,1693148413
242,pacocha,-17.5833,-71.3333,20.39,64,24,3.28,PE,1693148413
243,malax,62.9423,21.5731,14.43,89,75,5.14,FI,1693148414
244,sao joao da barra,-21.6403,-41.0511,18.58,85,100,4.28,BR,1693148415
245,ivanteyevka,55.9711,37.9208,20.81,58,74,0.89,RU,1693148415
246,banda aceh,5.5577,95.3222,26.95,80,68,2.64,ID,1693148169
247,tsiombe,-25.3,45.4833,21.24,81,46,5.56,MG,1693148416
248,kapoeta,4.7717,33.5903,35.32,21,7,6.14,SS,1693148417
249,kayangel,8.0823,134.7173,27.87,83,85,6.74,PW,1693148417
250,popondetta,-8.7537,148.2534,23.13,93,100,0.44,PG,1693148418
251,mount pearl,47.5166,-52.7813,20.47,78,98,3.58,CA,1693148418
252,karasu,41.071,30.7854,25.64,67,0,7.27,TR,1693148418
253,necochea,-38.5473,-58.7368,11.45,51,0,4.91,AR,1693148419
254,aktau,43.65,51.2,24.32,47,13,4.69,KZ,1693148419
255,launceston,-41.45,147.1667,6.2,93,40,3.09,AU,1693148366
256,guerrero negro,27.9769,-114.0611,21.58,79,10,3.2,MX,1693148420
257,palmas,-10.2128,-48.3603,34.48,38,53,1.52,BR,1693148420
258,sorong,-0.8833,131.25,25.58,90,82,6.5,ID,1693148421
259,jamaame,0.0697,42.745,26.15,77,10,6.26,SO,1693148421
260,tura,25.5198,90.2201,23.17,95,100,1.75,IN,1693148422
261,hadibu,12.65,54.0333,27.06,78,100,7.15,YE,1693148422
262,isangel,-19.55,169.2667,20.28,83,100,6.26,VU,1693148422
263,fale old settlement,-9.3852,-171.2468,27.65,75,84,4.35,TK,1693148423
264,mar del plata,-38.0023,-57.5575,10.63,61,0,7.6,AR,1693148423
265,fort bragg,35.139,-79.006,31.91,65,0,1.79,US,1693148424
266,kyzylorda,44.8528,65.5092,21.01,37,40,5.0,KZ,1693148424
267,nova vicosa,-17.8919,-39.3719,23.36,85,100,5.17,BR,1693148425
268,macau,22.2006,113.5461,31.03,89,40,4.63,MO,1693148226
269,longmen,24.9597,118.0889,25.72,95,100,0.91,CN,1693148425
270,praia da vitoria,38.7333,-27.0667,23.0,72,87,7.27,PT,1693148426
271,son la,21.3167,103.9,22.79,94,100,0.99,VN,1693148402
272,gaspe,48.8334,-64.4819,17.58,66,51,4.78,CA,1693148426
273,nadi,-17.8,177.4167,21.4,82,100,3.58,FJ,1693148426
274,mazagao,-0.115,-51.2894,33.93,46,18,2.53,BR,1693148427
275,itoman,26.1247,127.6694,28.01,83,20,2.06,JP,1693148427
276,puntarenas,9.9763,-84.8384,28.73,77,83,1.74,CR,1693148427
277,pangkalanbuun,-2.6833,111.6167,24.33,81,67,1.44,ID,1693148427
278,sola,-13.8833,167.55,24.67,72,100,9.16,VU,1693148428
279,chokwe,-24.5333,32.9833,21.44,49,4,6.36,MZ,1693148428
280,vilyuchinsk,52.9306,158.4028,12.15,78,100,1.76,RU,1693148321
281,craig,40.5153,-107.5464,19.79,41,86,2.05,US,1693148428
282,kuching,1.55,110.3333,28.34,95,40,1.03,MY,1693148350
283,nouadhibou,20.931,-17.0347,34.99,46,7,6.17,MR,1693148386
284,sinazongwe,-17.2614,27.4618,31.43,32,40,1.72,ZM,1693148429
285,alice springs,-23.7,133.8833,8.75,37,5,0.0,AU,1693148405
286,kpandae,8.4689,-0.0113,30.17,64,89,2.9,GH,1693148429
287,avarua,-21.2078,-159.775,22.03,73,40,4.12,CK,1693148429
288,ola,59.5833,151.2833,9.78,88,18,0.28,RU,1693148430
289,phalaborwa,-23.943,31.1411,22.6,27,3,6.31,ZA,1693148430
290,miramichi,47.0043,-65.4654,20.98,57,45,2.45,CA,1693148430
291,bogale,16.2833,95.4,26.1,90,78,2.95,MM,1693148431
292,hilo,19.7297,-155.09,22.57,91,71,2.68,US,1693148431
293,enewetak,11.3474,162.3373,27.08,83,100,8.77,MH,1693148431
294,vila do maio,15.1333,-23.2167,28.08,71,71,2.53,CV,1693148431
295,fortuna,40.5982,-124.1573,14.08,96,100,0.0,US,1693148432
296,kourou,5.1552,-52.6478,32.03,58,11,4.13,GF,1693148432
297,castillos,-34.1667,-53.8333,10.78,47,1,4.06,UY,1693148433
298,sal rei,16.1833,-22.9167,27.96,78,8,5.06,CV,1693148433
299,cidreira,-30.1811,-50.2056,13.53,47,5,4.7,BR,1693148433
300,khandyga,62.6667,135.6,10.87,89,51,1.55,RU,1693148433
301,maceio,-9.6658,-35.7353,30.69,62,40,4.12,BR,1693148434
302,fada,9.5667,8.3,23.27,83,99,1.19,NG,1693148434
303,ma'rib,15.4591,45.3253,37.03,14,58,6.67,YE,1693148434
304,horta,38.5333,-28.6333,23.9,84,40,11.32,PT,1693148435
305,maridi,4.9158,29.4742,31.01,48,57,1.39,SS,1693148435
306,dinguiraye,11.3,-10.7167,28.35,71,66,2.07,GN,1693148435
307,alton north (historical),26.2953,-98.3045,31.63,74,61,0.89,US,1693148436
308,quepos,9.4236,-84.1652,28.89,75,72,1.04,CR,1693148436
309,kununurra,-15.7667,128.7333,17.99,68,6,0.0,AU,1693148236
310,buzuluk,52.7807,52.2635,15.22,67,100,5.1,RU,1693148437
311,seydi,39.4816,62.9137,23.45,21,3,5.95,TM,1693148437
312,carolina beach,34.0352,-77.8936,33.38,69,35,1.99,US,1693148437
313,tsengel,49.4783,100.8894,15.74,75,67,1.4,MN,1693148438
314,roha,18.4333,73.1167,25.01,87,10,0.57,IN,1693148438
315,rakops,-21.0167,24.3333,24.81,31,23,8.11,BW,1693148439
316,kapelle,50.9998,2.3585,21.14,56,11,1.79,FR,1693148439
317,ghadamis,30.1337,9.5007,43.25,11,92,4.41,LY,1693148439
318,kill devil hills,36.0307,-75.676,31.0,83,40,6.17,US,1693148439
319,kuqa,41.7278,82.9364,28.84,18,66,1.72,CN,1693148439
320,kavaratti,10.5669,72.642,27.41,78,100,5.32,IN,1693148440
321,luderitz,-26.6481,15.1594,26.85,27,0,2.37,NA,1693148420
322,dubbo,-32.25,148.6167,11.07,66,100,3.6,AU,1693148227
323,port blair,11.6667,92.75,27.89,81,100,6.06,IN,1693148440
324,lisakovsk,52.5369,62.4936,13.98,60,93,0.97,KZ,1693148441
325,hoover,33.4054,-86.8114,34.75,65,41,0.45,US,1693148441
326,palikir - national government center,6.9248,158.1611,26.4,79,100,3.26,FM,1693148441
327,ulaangom,49.9811,92.0667,19.8,50,70,0.83,MN,1693148441
328,auki,-8.7676,160.7034,23.82,89,96,1.42,SB,1693148441
329,selfoss,63.9331,-20.9971,16.14,69,59,5.57,IS,1693148441
330,carovigno,40.708,17.655,32.0,35,0,6.01,IT,1693148442
331,jima abajo,19.1329,-70.3761,31.26,60,21,1.4,DO,1693148442
332,metlili chaamba,32.2667,3.6333,40.2,7,1,4.49,DZ,1693148442
333,atar,20.5169,-13.0499,44.3,8,5,7.93,MR,1693148443
334,tomatlan,19.9333,-105.25,26.84,82,89,0.37,MX,1693148443
335,kristiansund,63.1115,7.732,16.03,88,75,5.14,NO,1693148443
336,petropavlovsk-kamchatsky,53.0452,158.6483,12.41,81,100,1.74,RU,1693148444
337,betio village,1.358,172.9211,28.57,68,85,3.05,KI,1693148444
338,carnarvon,-24.8667,113.6333,20.17,63,0,4.06,AU,1693148444
339,rongelap,11.1635,166.8941,27.97,80,100,8.66,MH,1693148445
340,margate,51.3813,1.3862,19.94,62,55,3.13,GB,1693148445
341,plettenberg bay,-34.0527,23.3716,14.87,61,0,2.7,ZA,1693148445
342,yima,34.7381,111.8839,16.16,94,89,1.12,CN,1693148445
343,qusmuryn,52.4503,64.6311,14.72,51,55,4.27,KZ,1693148445
344,al artawiyah,26.5053,45.3444,40.17,9,10,4.27,SA,1693148446
345,san juan,-31.5375,-68.5364,13.25,41,0,2.53,AR,1693148446
346,farasan,16.7022,42.1183,31.62,81,86,5.24,SA,1693148446
347,neijiang,29.5835,105.0622,22.72,81,87,0.93,CN,1693148447
348,soe,-9.8607,124.284,16.39,88,38,2.59,ID,1693148447
349,mandalgovi,45.7625,106.2708,15.11,56,3,4.18,MN,1693148448
350,east ballina,-28.8667,153.5833,13.78,77,19,2.93,AU,1693148448
351,crane,31.3974,-102.3501,29.24,42,27,5.08,US,1693148448
352,tondano,1.3038,124.9112,24.05,91,39,2.38,ID,1693148448
353,awjilah,29.1081,21.2869,37.6,16,0,6.05,LY,1693148449
354,san luis de la loma,17.2706,-100.8939,28.51,72,20,1.34,MX,1693148449
355,kruisfontein,-34.0033,24.7314,16.6,52,7,2.46,ZA,1693148449
356,inarajan village,13.2736,144.7484,26.54,97,100,8.36,GU,1693148449
357,mont-tremblant,46.1949,-74.6264,17.98,47,11,3.47,CA,1693148450
358,fuerte olimpo,-21.0415,-57.8738,19.99,31,100,3.25,PY,1693148450
359,north battleford,52.7834,-108.2847,19.16,57,9,3.96,CA,1693148450
360,acarau,-2.8856,-40.12,31.9,52,2,7.22,BR,1693148451
361,seven pagodas,12.6264,80.1722,30.03,70,100,2.99,IN,1693148451
362,orange lake,41.5398,-74.0982,24.32,78,16,1.34,US,1693148452
363,isla del bosque,22.7333,-105.85,28.06,85,76,0.67,MX,1693148452
364,san sebastian de la gomera,28.0916,-17.1133,31.32,74,0,4.12,ES,1693148452
365,hafar al-batin,28.4328,45.9708,39.76,11,0,4.39,SA,1693148452
366,nikolayevsk-on-amure,53.1406,140.73,10.18,78,61,1.61,RU,1693148452
367,chonchi,-42.6128,-73.8092,8.4,84,100,3.55,CL,1693148453
368,juneau,58.3019,-134.4197,14.5,100,72,1.34,US,1693148453
369,north bend,43.4065,-124.2243,16.62,91,96,0.4,US,1693148453
370,la'ie,21.6477,-157.9253,23.95,77,8,2.68,US,1693148453
371,austin,30.2672,-97.7431,36.81,48,2,1.34,US,1693148355
372,vorgashor,67.5833,63.95,5.61,93,97,3.52,RU,1693148454
373,guiuan,11.0333,125.7247,29.2,74,100,9.75,PH,1693148454
374,beinamar,8.6698,15.3813,26.91,75,96,2.04,TD,1693148454
375,coronel dorrego,-38.7187,-61.2873,14.16,29,3,6.79,AR,1693148454
376,suva,-18.1416,178.4415,20.89,84,100,6.21,FJ,1693148455
377,utrik,11.2278,169.8474,27.76,81,100,7.45,MH,1693148455
378,papao,-17.75,-149.55,24.82,69,37,7.26,PF,1693148455
379,okha,53.5739,142.9478,10.95,91,76,3.49,RU,1693148456
380,hirara,24.8,125.2833,28.42,76,0,2.26,JP,1693148456
381,sittwe,20.15,92.9,26.83,89,95,1.43,MM,1693148457
382,lavrio,37.7145,24.0565,35.46,43,87,8.33,GR,1693148457
383,sretensk,52.2453,117.7093,12.21,73,27,0.26,RU,1693148457
384,nova sintra,14.8667,-24.7167,24.79,76,18,1.78,CV,1693148457
385,sainte-anne-des-monts,49.124,-66.4924,15.36,66,95,2.37,CA,1693148458
386,hingoli,19.7167,77.15,24.84,81,67,2.38,IN,1693148458
387,kingston,17.997,-76.7936,33.47,62,71,0.45,JM,1693148458
388,gwandu,12.4938,4.6423,32.64,51,75,5.19,NG,1693148458
389,pacific grove,36.6177,-121.9166,15.92,94,0,4.47,US,1693148458
390,villas,26.5504,-81.8687,32.24,75,20,1.79,US,1693148459
391,puerto leguizamo,-0.1934,-74.7819,31.61,55,3,0.79,CO,1693148459
392,san antonio de pale,-1.4014,5.6325,24.16,84,52,5.66,GQ,1693148459
393,sand springs,36.1398,-96.1089,27.07,79,75,3.6,US,1693148459
394,santiago juxtlahuaca,17.3333,-98.0167,18.42,85,100,1.14,MX,1693148460
395,tuburan,6.6439,122.2736,27.11,81,55,3.53,PH,1693148460
396,cariamanga,-4.3333,-79.55,22.9,30,0,1.8,EC,1693148461
397,vila franca do campo,37.7167,-25.4333,25.23,68,85,5.65,PT,1693148461
398,puerto el triunfo,13.2833,-88.55,27.09,86,100,1.12,SV,1693148462
399,pemangkat,1.1667,108.9667,26.8,81,100,3.75,ID,1693148463
400,choyr,46.3611,108.3611,14.32,68,35,5.97,MN,1693148265
401,rolla,37.9514,-91.7713,21.04,90,75,5.14,US,1693148464
402,chu,43.5983,73.7614,18.96,66,100,5.23,KZ,1693148464
403,boa vista,2.8197,-60.6733,32.99,52,20,4.12,BR,1693148194
404,flying fish cove,-10.4217,105.6791,23.82,83,40,6.69,CX,1693148465
405,lamu,-2.2717,40.902,25.1,87,12,6.49,KE,1693148250
406,ancud,-41.8697,-73.8203,7.28,77,100,6.21,CL,1693148466
407,valle hermoso,25.6667,-97.8333,29.94,62,25,2.14,MX,1693148336
408,argo,37.6333,22.7333,32.1,36,42,1.96,GR,1693148466
409,queenstown,-31.8976,26.8753,15.21,28,0,3.68,ZA,1693148408
410,mammoth lakes,37.6485,-118.9721,14.63,54,0,0.0,US,1693148466
411,moyamba,8.1667,-12.4333,26.58,87,99,2.01,SL,1693148467
412,kushiro,42.975,144.3747,20.08,97,100,0.25,JP,1693148336
413,shohimardon,39.9839,71.8028,13.43,88,100,2.19,UZ,1693148468
414,minden,52.2833,8.9167,20.55,66,75,5.66,DE,1693148468
415,saguenay,48.4168,-71.0657,20.6,61,0,0.89,CA,1693148468
416,al ghayzah,16.2079,52.176,26.64,84,40,6.19,YE,1693148468
417,nurota,40.5614,65.6886,21.56,24,7,6.9,UZ,1693148469
418,fort william,56.8165,-5.1121,15.17,84,100,1.67,GB,1693148469
419,port saint john's,-31.6229,29.5448,17.87,60,39,1.76,ZA,1693148469
420,hays,30.0502,-98.0336,35.35,50,0,3.36,US,1693148470
421,pesqueira,-8.3578,-36.6964,33.18,27,0,4.26,BR,1693148471
422,undurkhaan,47.3194,110.6556,11.19,97,21,3.9,MN,1693148471
423,igrim,63.1906,64.4162,10.25,65,100,1.33,RU,1693148471
424,mount isa,-20.7333,139.5,17.87,39,0,3.09,AU,1693148407
425,quiberon,47.4841,-3.1196,21.94,71,79,11.38,FR,1693148472
426,sungailiat,-1.85,106.1333,26.91,76,73,5.47,ID,1693148472
427,amga,60.8953,131.9608,13.21,84,88,0.96,RU,1693148472
428,tommot,58.9564,126.2925,11.77,89,63,0.73,RU,1693148472
429,pingnan,23.5543,110.3976,26.92,90,100,0.53,CN,1693148473
430,sabang,5.8933,95.3214,28.49,73,75,4.22,ID,1693148473
431,barranca,-10.75,-77.7667,20.46,73,60,3.04,PE,1693148473
432,bolgar,54.95,49.0667,13.24,76,100,6.1,RU,1693148473
433,shakiso,5.75,38.9167,22.5,41,6,2.28,ET,1693148474
434,tianshui,34.5439,105.6897,15.07,81,92,1.22,CN,1693148474
435,fremantle,-32.05,115.7667,18.1,88,40,3.09,AU,1693148474
436,lihue,21.9789,-159.3672,22.98,86,32,3.86,US,1693148475
437,taiynsha,53.8478,69.7639,12.39,92,100,2.43,KZ,1693148475
438,ishigaki,24.3448,124.1572,27.07,94,1,1.03,JP,1693148400
439,tazovsky,67.4667,78.7,10.38,90,100,5.62,RU,1693148476
440,puerto madero,14.7208,-92.4215,28.6,74,69,0.93,MX,1693148476
441,sonamukhi,23.3,87.4167,29.93,69,100,2.47,IN,1693148476
442,arraial do cabo,-22.9661,-42.0278,17.92,88,100,1.54,BR,1693148299
443,contamana,-7.3333,-75.0167,34.8,38,0,1.51,PE,1693148477
444,yelovo,57.0538,54.9207,8.87,94,100,1.97,RU,1693148477
445,napili-honokowai,20.9708,-156.6705,22.99,70,0,5.59,US,1693148477
446,roma,43.2128,-75.4557,20.5,81,100,2.06,US,1693148478
447,labrador city,52.9463,-66.9114,14.34,47,96,3.67,CA,1693148478
448,ta'izz,13.5,44.0,28.82,38,68,3.61,YE,1693148478
449,saldanha,-33.0117,17.9442,14.67,70,0,4.97,ZA,1693148478
450,thames,-37.1333,175.5333,8.55,79,85,2.32,NZ,1693148479
451,rechka-vydrino,51.485,104.8461,13.66,86,37,0.23,RU,1693148479
452,bonab,37.3404,46.0561,29.3,29,0,0.69,IR,1693148479
453,brokopondo,4.75,-55.1667,30.92,53,2,1.03,SR,1693148479
454,yemva,62.59,50.8594,7.59,87,96,2.56,RU,1693148480
455,lesogorsk,56.0458,99.5136,16.31,86,33,1.34,RU,1693148480
456,irituia,-1.7711,-47.4381,34.23,42,22,2.36,BR,1693148480
457,chernyshevskiy,63.0128,112.4714,13.06,59,2,1.02,RU,1693148481
458,moapa valley,36.5805,-114.4703,33.9,18,0,0.85,US,1693148481
459,meadow lake,34.8014,-106.5436,24.15,70,11,1.21,US,1693148481
460,broken hill,-31.95,141.4333,13.05,61,0,4.28,AU,1693148261
461,illizi,26.4833,8.4667,43.28,9,100,4.45,DZ,1693148481
462,saint-philippe,-21.3585,55.7679,23.77,81,47,5.62,RE,1693148482
463,val-d'or,48.1002,-77.7828,16.37,49,0,2.1,CA,1693148482
464,inari,68.906,27.0288,12.11,64,5,2.7,FI,1693148482
465,mount gambier,-37.8333,140.7667,7.29,96,79,0.32,AU,1693148421
466,kaohsiung,22.6163,120.3133,29.46,79,40,2.06,TW,1693147758
467,borculo,52.1158,6.5222,18.74,78,58,6.7,NL,1693148483
468,coahuayana de hidalgo,18.7,-103.6583,28.06,74,97,0.34,MX,1693148483
469,puerto penasco,31.3167,-113.5333,32.74,51,0,1.11,MX,1693148483
470,ad dabbah,18.05,30.95,40.87,20,95,8.29,SD,1693148484
471,sesheke,-17.4759,24.2968,35.39,10,22,6.05,ZM,1693148484
472,kapuskasing,49.4169,-82.4331,16.71,43,0,2.34,CA,1693148484
473,champerico,14.3,-91.9167,28.62,74,94,1.01,GT,1693148484
474,antonio escobedo,20.8,-104.0167,20.03,87,88,0.95,MX,1693148485
475,changshu city,31.6462,120.7422,28.3,90,100,4.18,CN,1693148485
476,mulayjah,27.271,48.4242,38.68,14,5,4.63,SA,1693148485
477,ratnagiri,16.9833,73.3,26.08,85,73,3.19,IN,1693148485
478,rocky mountain house,52.3668,-114.9188,17.03,65,0,1.03,CA,1693148486
479,barcelos,41.5388,-8.6151,25.51,46,51,7.69,PT,1693148486
480,pecos,31.4229,-103.4932,29.46,53,0,0.0,US,1693148487
481,kangding,30.0513,101.9603,12.38,98,100,1.5,CN,1693148487
482,mormugao,15.4,73.8,26.93,81,33,2.83,IN,1693148487
483,yelizovo,53.1873,158.3805,13.36,79,100,1.64,RU,1693148487
484,makushino,55.2103,67.2442,14.83,45,95,3.53,RU,1693148488
485,pangody,65.85,74.4859,11.9,71,100,3.71,RU,1693148488
486,quatre cocos,-20.2078,57.7625,23.38,77,48,7.4,MU,1693148488
487,korla,41.7597,86.1469,30.1,14,99,5.22,CN,1693148420
488,tilcara,-23.5776,-65.3509,12.39,15,100,1.97,AR,1693148489
489,newman,37.3138,-121.0208,19.58,71,0,1.34,US,1693148489
490,dryden,49.7833,-92.7503,17.27,63,54,3.58,CA,1693148490
491,wynyard,-41.0,145.7167,7.73,89,78,4.25,AU,1693148490
492,extrema,-22.8547,-46.3183,13.31,85,99,2.37,BR,1693148490
493,crikvenica,45.1772,14.6928,32.11,51,0,2.06,HR,1693148491
494,cabo san lucas,22.8909,-109.9124,30.34,72,21,3.42,MX,1693148491
495,yazykovo,55.2199,56.1353,10.7,83,100,5.41,RU,1693148491
496,ar rastan,34.9265,36.7324,28.28,50,0,9.88,SY,1693148491
497,sosua,19.7667,-70.5167,29.73,63,3,3.02,DO,1693148492
498,bakchar,57.0186,82.0711,13.28,95,31,1.5,RU,1693148492
499,westport,41.1415,-73.3579,26.8,71,0,1.79,US,1693148492
500,nelson bay,-32.7167,152.15,13.89,94,31,0.89,AU,1693148492
501,cavalaire-sur-mer,43.174,6.5272,22.07,67,100,1.82,FR,1693148492
502,klyuchi,52.2667,79.1667,18.67,72,100,3.55,RU,1693148493
503,kalemie,-5.9475,29.1947,29.65,33,5,2.43,CD,1693148493
504,umarkot,25.3616,69.7362,31.67,47,100,9.27,PK,1693148493
505,huarmey,-10.0681,-78.1522,21.24,74,64,3.07,PE,1693148493
506,canavieiras,-15.675,-38.9472,25.6,82,100,0.92,BR,1693148493
507,malvan,16.0667,73.4667,27.15,82,48,3.54,IN,1693148494
508,tafuna,-14.3358,-170.72,26.22,83,95,11.07,AS,1693148494
509,altai,46.3722,96.2583,15.94,37,1,2.63,MN,1693148494
510,maralal,1.0968,36.698,22.84,39,97,5.28,KE,1693148495
511,kitimat,54.0524,-128.6534,18.88,73,8,0.71,CA,1693148495
512,calca,-13.3333,-71.95,16.64,47,38,0.78,PE,1693148495
513,rio gallegos,-51.6226,-69.2181,7.55,61,100,9.13,AR,1693148495
514,severo-yeniseyskiy,60.3725,93.0408,9.56,76,94,1.58,RU,1693148495
515,cadale,2.7603,46.3222,26.16,80,27,8.72,SO,1693148496
516,nouna,12.7333,-3.8667,33.44,45,69,3.25,BF,1693148496
517,narvik,68.4384,17.4272,20.77,57,55,1.59,NO,1693148496
518,ghazni,33.5536,68.4269,23.22,24,87,5.98,AF,1693148496
519,sisimiut,66.9395,-53.6735,6.85,75,100,12.54,GL,1693148496
520,tostado,-29.232,-61.7692,17.84,25,5,4.32,AR,1693148497
521,zuni pueblo,35.0725,-108.8506,21.35,48,19,0.95,US,1693148497
522,arish,31.1316,33.7984,28.67,60,0,4.91,EG,1693148497
523,la ronge,55.1001,-105.2842,16.52,73,34,3.37,CA,1693148498
524,ust'-kalmanka,52.1207,83.305,19.48,77,99,3.45,RU,1693148498
525,manismata,-2.4667,111.0333,23.75,88,18,0.74,ID,1693148499
526,oromocto,45.8351,-66.4792,22.06,73,34,3.58,CA,1693148499
527,katsuura,35.1333,140.3,25.35,82,100,2.1,JP,1693148417
528,puerto deseado,-47.7503,-65.8938,10.09,49,76,12.58,AR,1693148499
529,christchurch,-43.5333,172.6333,5.51,86,75,5.14,NZ,1693148136
530,fort mcmurray,56.7268,-111.381,16.76,66,38,0.61,CA,1693148500
531,raychikhinsk,49.7838,129.4121,14.12,89,100,1.9,RU,1693148500
532,pontian kechil,1.4866,103.3896,27.22,89,9,3.06,MY,1693148434
533,zelenogorskiy,55.0333,87.0,16.81,88,100,1.22,RU,1693148500
534,shanwei,22.782,115.3475,28.96,80,99,2.65,CN,1693148501
535,laguna,38.421,-121.4238,23.38,82,0,2.06,US,1693148502
536,pobe,6.9801,2.6649,27.82,75,100,2.08,BJ,1693148502
537,portel,-1.9356,-50.8211,34.01,44,1,1.95,BR,1693148503
538,nchelenge,-9.3451,28.734,31.28,29,13,1.67,ZM,1693148503
539,mont-de-marsan,44.0,-0.6667,24.88,61,100,5.14,FR,1693148504
540,kavieng,-2.5744,150.7967,27.37,81,98,6.2,PG,1693148504
541,acapulco de juarez,16.8634,-99.8901,27.9,78,0,1.54,MX,1693148504
542,ntoum,0.3833,9.7833,26.87,70,98,2.34,GA,1693148504
543,kenai,60.5544,-151.2583,12.86,95,100,4.98,US,1693148505
544,yuzhno-kurilsk,44.0306,145.8556,19.41,100,100,3.4,RU,1693148505
545,prince george,53.9166,-122.753,15.06,65,7,0.71,CA,1693148505
546,bowen,-20.0167,148.2333,17.31,87,2,4.62,AU,1693148506
547,dauphin,51.1494,-100.0502,22.79,45,0,3.77,CA,1693148506
548,haiku-pauwela,20.9219,-156.3051,22.36,81,6,4.47,US,1693148506
549,hovd,48.0056,91.6419,22.75,26,76,1.99,MN,1693148507
550,franceville,-1.6333,13.5836,33.99,37,45,1.5,GA,1693148507
551,hasaki,35.7333,140.8333,27.39,81,100,4.99,JP,1693148450
552,santo antonio do ica,-3.1022,-67.9397,34.49,46,6,1.09,BR,1693148507
553,kresttsy,58.2452,32.5165,20.41,66,79,1.15,RU,1693148508
554,hongseong,36.6009,126.665,22.99,82,100,3.57,KR,1693147916
555,woolgoolga,-30.1106,153.2007,13.91,80,33,2.37,AU,1693148508
556,cidade velha,14.9167,-23.6167,30.26,70,40,5.66,CV,1693148509
557,wainwright,52.839,-110.8572,19.33,54,3,4.1,CA,1693148509
558,oranjemund,-28.55,16.4333,25.48,22,0,6.63,NA,1693148412
559,urucurituba,-2.6833,-57.6667,37.23,32,0,1.71,BR,1693148509
560,revelstoke,50.9832,-118.2023,12.01,100,0,1.54,CA,1693148510
561,hopewell,37.3043,-77.2872,27.1,92,99,2.65,US,1693148510
562,ginir,7.1333,40.7,23.57,36,6,5.69,ET,1693148510
563,sandnessjoen,66.0217,12.6316,19.29,61,78,4.3,NO,1693148510
564,vizinga,61.0749,50.1031,6.9,92,89,3.31,RU,1693148511
565,kilju,40.9642,129.3278,19.58,94,100,1.49,KP,1693148511
566,poso,-1.3959,120.7524,24.83,80,11,3.41,ID,1693148343
567,tougan,13.0667,-3.0667,30.26,61,99,4.27,BF,1693148512
568,bopolu,7.0667,-10.4875,25.93,87,100,2.48,LR,1693148512
569,peniche,39.3558,-9.3811,24.6,72,5,10.84,PT,1693148512
570,dazhong,33.1997,120.4578,24.69,98,100,5.59,CN,1693148513
571,dwarka,22.2394,68.9678,27.74,73,98,7.41,IN,1693148513
572,taroa,8.7058,171.2275,27.69,80,100,6.02,MH,1693148513
573,mutoko,-17.397,32.2268,17.95,64,3,8.05,ZW,1693148514
574,gebeit,21.0667,36.3167,40.12,13,70,4.75,SD,1693148514
575,nadym,65.5333,72.5167,10.21,74,76,1.68,RU,1693148271
576,qui nhon,13.7667,109.2333,29.06,71,98,2.64,VN,1693148404
577,dogondoutchi,13.6393,4.0287,35.09,39,81,2.88,NE,1693148516
578,otradnoye,59.7775,30.8181,21.03,49,17,3.5,RU,1693148516
579,pangoa,-12.1167,-73.0,22.79,90,98,0.71,PE,1693148517
580,muang khong,14.1167,105.85,24.45,94,100,0.28,LA,1693148517
581,zaidpur,26.8333,81.3333,29.04,61,22,3.32,IN,1693148282
582,thaba-tseka,-29.522,28.6084,12.51,13,0,3.15,LS,1693148518
583,labasa,-16.4167,179.3833,21.45,86,100,3.9,FJ,1693148317
584,liuhe,42.2401,125.7172,15.07,93,100,1.91,CN,1693148479
585,zastron,-30.3023,27.084,16.02,13,0,2.92,ZA,1693148518
586,ewo,-0.8725,14.8206,34.52,37,51,1.67,CG,1693148518
587,ulladulla,-35.35,150.4667,12.03,93,100,1.73,AU,1693148243
588,najran,17.4924,44.1277,35.58,9,62,5.42,SA,1693148519
589,altay,47.8667,88.1167,24.94,22,100,4.3,CN,1693148302
590,monterey,36.2505,-121.2516,18.93,45,0,2.19,US,1693148519
591,amal,59.051,12.7049,17.51,65,90,6.29,SE,1693148520
592,chenzhou,25.8,113.0333,23.31,99,100,2.73,CN,1693148520
593,uppsala,60.0,17.75,18.69,63,75,3.6,SE,1693148520
594,happy valley-goose bay,53.3168,-60.3315,10.56,95,100,2.48,CA,1693148521
595,shevchenko,48.5,35.0,33.56,27,3,4.43,UA,1693148521
596,tabas,33.5959,56.9244,33.64,22,0,6.07,IR,1693148522
597,atlantic city,39.3643,-74.4229,28.34,68,0,4.92,US,1693148522
